pos1,pos2,distance,contact_type
36,65,4.895,other
36,136,4.35,polar
36,138,4.111,other
37,135,5.119,polar
37,136,4.704,polar
38,137,5.604,polar
39,138,4.624,hydrophobic
39,140,5.92,hydrophobic
40,137,5.218,hydrophobic
40,139,5.272,hydrophobic
41,140,5.179,other
42,51,5.593,other
42,54,5.974,hydrophobic
42,139,5.621,aromatic
42,141,4.624,hydrophobic
43,47,5.895,other
44,48,5.806,hydrophobic
44,51,4.753,other
44,141,5.58,hydrophobic
47,116,5.148,polar
47,120,3.893,other
49,112,4.589,polar
49,113,5.515,polar
49,116,4.405,polar
50,93,5.824,polar
50,112,5.436,polar
50,116,5.603,polar
50,117,5.453,polar
50,120,3.889,polar
51,55,5.774,polar
51,141,5.415,other
53,57,5.939,polar
53,93,5.243,polar
53,95,5.952,polar
53,110,4.404,polar
54,95,5.075,hydrophobic
54,141,5.203,hydrophobic
55,141,4.134,polar
57,62,4.222,polar
57,95,4.002,hydrophobic
57,108,3.9,polar
58,62,5.882,polar
58,64,4.686,polar
62,95,5.632,polar
62,96,5.751,polar
62,108,5.387,polar
63,96,4.988,hydrophobic
63,102,3.903,polar
64,138,5.974,polar
64,139,5.671,polar
65,136,5.209,polar
65,138,5.285,hydrophobic
66,100,3.992,other
66,137,4.756,other
67,100,5.858,polar
67,101,4.1,polar
67,134,5.623,polar
67,136,5.042,polar
68,131,5.959,other
68,133,5.047,polar
68,134,5.137,other
68,135,5.182,polar
69,101,4.73,polar
69,133,5.764,polar
70,99,5.173,polar
70,133,5.729,polar
72,76,5.73,polar
73,98,4.005,hydrophobic
73,99,4.783,hydrophobic
76,98,4.141,polar
76,103,4.983,polar
76,104,3.732,polar
77,81,5.502,polar
77,98,4.713,polar
79,104,4.18,polar
79,105,4.558,polar
80,94,4.816,polar
80,104,4.35,polar
80,107,4.12,polar
80,109,5.907,polar
81,92,5.509,polar
84,92,5.678,polar
84,109,5.635,hydrophobic
87,111,5.309,polar
89,114,5.074,polar
90,111,3.947,aromatic
91,112,5.684,polar
91,114,4.893,polar
91,117,4.178,polar
92,109,5.375,polar
93,110,5.093,polar
93,112,4.193,polar
93,117,5.232,polar
94,98,5.706,polar
94,107,4.761,polar
94,109,5.73,polar
95,108,4.9,polar
96,100,4.908,other
96,102,3.817,polar
96,103,3.916,other
96,107,5.393,hydrophobic
103,107,4.941,other
112,116,5.557,polar
112,117,4.136,polar
114,118,5.658,polar
119,123,5.731,other
124,128,5.856,hydrophobic
125,129,5.886,polar
131,135,4.017,polar
